event_id,signal_date,source_sector,destination_sector,confirmation_days,source_score,destination_score,score_spread,source_score_change_5d,destination_score_change_5d,source_return_5d,destination_return_5d,source_return_20d,destination_return_20d,source_turnover_acceleration,destination_turnover_acceleration,source_breadth_above_20d,destination_breadth_above_20d,source_institutional_flow,destination_institutional_flow,average_correlation_20d,source_sector_label,destination_sector_label
0,2016-07-27,biotech,semiconductor,3,0.22142857142857145,0.95,0.7285714285714285,-0.20857142857142855,0.1271428571428571,-0.007368877136677665,0.008792557508052301,0.03536971800659794,0.07203392036766743,-0.10561520079880105,0.12129687633239494,0.5128205128205128,0.8144329896907216,0.012085845472495475,0.028745147803320745,0.6402067392792589,生技醫療,半導體
1,2016-07-28,shipping,semiconductor,3,0.24999999999999997,0.907142857142857,0.657142857142857,-0.16714285714285718,-0.024285714285714466,-0.007963294968944601,-0.0036495653373277426,0.01573311124537269,0.058139511855940684,-0.31179119258100146,0.027648228377972206,0.5714285714285714,0.8041237113402062,-0.010002356652811378,0.018091079226450407,0.6869475030362175,航運,半導體
2,2016-08-16,electronics,finance,3,0.34714285714285714,1.0,0.6528571428571428,-0.38714285714285707,0.06428571428571428,-0.01585648092155706,0.009091243962205509,-0.002438128227501002,0.033540229354193096,-0.13587542324827884,0.09259720790917547,0.4041095890410959,0.9523809523809523,-0.0013064637293007154,0.11377596806810887,0.604567952664896,電子零組件,金融
3,2016-10-19,electronics,finance,3,0.2257142857142857,0.9471428571428571,0.7214285714285713,-0.14285714285714285,0.15499999999999992,-0.01284510059596139,0.0,-0.03808509617460959,-0.003968412343217209,-0.1428834904836367,0.15817166757010637,0.1736111111111111,0.2857142857142857,-0.019256071855177328,0.022988791113755777,0.8129178571139667,電子零組件,金融
4,2016-11-15,semiconductor,shipping,3,0.27428571428571424,0.9357142857142857,0.6614285714285715,-0.14857142857142858,0.30285714285714294,-0.035420266560383606,0.029534214517221713,-0.05509934679009776,0.01079637605363426,0.22671209160192274,0.9776608338781494,0.14130434782608695,0.5,-0.0847007612810927,-0.03018819378888549,0.8627884960977911,半導體,航運
5,2016-12-09,shipping,electronics,3,0.1742857142857143,0.8557142857142856,0.6814285714285714,-0.2928571428571428,0.01571428571428568,-0.003671175672170346,0.02365331999646969,0.04108207277837228,0.07079649752645967,-0.40119394036081363,-0.014116187210704845,0.3333333333333333,0.8776978417266187,-0.046526616426338874,0.005184264004816811,-0.07607422606487955,航運,電子零組件
6,2017-01-10,traditional,semiconductor,3,0.33285714285714285,0.8457142857142858,0.5128571428571429,-0.20285714285714285,-0.07571428571428573,0.0027247037554349873,0.006456580299164849,0.0,0.019802698810460262,0.054960899148254194,0.13410814834286222,0.5774278215223098,0.6914893617021277,0.001821618052234872,0.016064206524513385,0.8095462632917724,傳產/其他,半導體
7,2017-01-18,biotech,shipping,3,0.2857142857142857,0.7842857142857143,0.49857142857142855,-0.29714285714285704,-0.09857142857142853,-0.00208341463530326,0.0012948566139651119,0.003144639835865881,0.0287413977018931,-0.20146970815002263,-0.09636238088562127,0.5714285714285714,0.85,0.007374024440382255,0.03174051044298543,0.7501728544042446,生技醫療,航運
8,2017-02-24,finance,shipping,3,0.3642857142857143,1.0,0.6357142857142857,-0.11714285714285705,0.0714285714285714,-0.0027175463154870405,0.02885228921430516,0.034440342512827016,0.11654831161600476,-0.1518607196234485,0.28653254016357776,0.88,0.8888888888888888,0.0226014746993554,0.07333246546935063,0.35628952709018624,金融,航運
9,2017-03-01,biotech,shipping,3,0.1742857142857143,1.0,0.8257142857142857,-0.39142857142857146,0.0714285714285714,-0.008737876512756593,0.009613784044286366,0.047936494749664105,0.10887568173625872,-0.21081494506480902,0.22444507408243164,0.6111111111111112,0.8333333333333334,-0.0011641164909952796,0.0699948889116691,0.5899761198813104,生技醫療,航運
10,2017-05-04,biotech,finance,3,0.35714285714285715,0.9242857142857143,0.5671428571428572,-0.09714285714285709,-0.0257142857142858,0.0010850989829713775,0.008468079094480885,-0.02769234437987711,0.0011947980290544225,-0.35086055837300667,-0.07035919014468234,0.3548387096774194,0.8636363636363636,0.022569444444444444,0.09950064916587528,0.8673541776145135,生技醫療,金融
11,2017-05-18,electronics,finance,3,0.25999999999999995,1.0,0.74,-0.1928571428571429,0.14571428571428569,-0.005330623760358533,0.002389873155641764,0.005188200783569075,0.027457637170287486,-0.16987565736295251,0.12490188835859928,0.3401360544217687,0.7727272727272727,-0.01077602939105602,0.046208593835991324,0.7963369034206998,電子零組件,金融
12,2017-06-08,shipping,semiconductor,3,0.24285714285714285,1.0,0.7571428571428571,-0.6314285714285713,0.39714285714285713,-0.00569262388603986,0.019363870857024734,0.02227722410378785,0.050825048956755325,-0.19423559954836078,0.04262913947717717,0.6666666666666666,0.8469387755102041,-0.0010140312372451865,0.01880192391779624,0.34982170179306177,航運,半導體
13,2017-06-09,finance,semiconductor,3,0.29714285714285715,0.9185714285714286,0.6214285714285714,-0.10142857142857142,0.1528571428571429,0.0010845439647954036,0.010668311850081325,0.008897684343098122,0.026367368948249204,-0.18660117544386745,0.08207064581041834,0.5,0.8,,,0.40849640438606044,金融,半導體
14,2017-06-26,computing,biotech,3,0.1742857142857143,0.8871428571428571,0.7128571428571429,-0.31285714285714283,0.11857142857142855,-0.0033111761228549197,0.021738983834006742,-0.0003818754282260972,0.018166128282660177,-0.18657634327690198,0.34787285674051716,0.4214876033057851,0.7419354838709677,-0.005503216510415196,0.025021377131612395,0.7405643087759586,資訊/通訊,生技醫療
15,2017-06-29,electronics,finance,3,0.3157142857142857,1.0,0.6842857142857143,-0.11857142857142855,0.44999999999999996,-0.007092196492424929,0.016124564329828228,0.011194569844124591,0.031158815713076216,-0.20898283722317046,0.2632947787898082,0.4647887323943662,1.0,-0.0019501454150681076,0.11381248342947345,0.7516735274013527,電子零組件,金融
16,2017-07-06,semiconductor,shipping,3,0.32857142857142857,0.9285714285714286,0.6000000000000001,-0.22714285714285704,0.19857142857142862,-0.008824199115997966,0.008971905421696902,-0.004701302018470299,0.03691996456225399,-0.2360069167832975,0.2919114412125402,0.5,0.8571428571428571,,,0.7363090254379728,半導體,航運
17,2017-07-19,traditional,finance,3,0.3714285714285714,0.8257142857142857,0.45428571428571435,-0.1057142857142857,-0.021428571428571352,0.009140682635289776,0.013002034730236423,0.017059660647025243,0.042067021804680915,-0.04745502595598716,0.10550685631155532,0.5877862595419847,1.0,-0.0010230515324771898,0.016069401618900105,0.6982147043009813,傳產/其他,金融
18,2017-07-27,shipping,computing,3,0.23714285714285713,0.95,0.7128571428571429,-0.3728571428571429,0.29999999999999993,-0.016122765730368527,0.00794932170744267,0.016646727150001928,0.030720032090496674,-0.4146964032954483,-0.01244675396446887,0.2857142857142857,0.7083333333333334,-0.04310312398284586,0.0024320273843145375,0.2761945892870704,航運,資訊/通訊
19,2017-08-04,electronics,computing,3,0.36857142857142855,0.8857142857142857,0.5171428571428571,-0.3214285714285715,-0.06428571428571428,0.005521015065864332,0.008188860684511856,0.026277712490697658,0.03484856964171068,-0.08817381016843656,0.014951659248659266,0.6056338028169014,0.675,,,0.5787798921067661,電子零組件,資訊/通訊
20,2017-08-04,biotech,computing,3,0.24428571428571427,0.8857142857142857,0.6414285714285715,-0.10999999999999999,-0.06428571428571428,-0.003363179461137622,0.008188860684511856,0.007518888873972118,0.03484856964171068,-0.0678455444250482,0.014951659248659266,0.48484848484848486,0.675,,,0.37270636240827276,生技醫療,資訊/通訊
21,2017-08-23,finance,shipping,3,0.3357142857142857,1.0,0.6642857142857144,-0.31,0.0,0.006403352785500305,0.03448257652125064,-0.00034429696577331637,0.08695642614941934,-0.38241266495739656,0.883121625975757,0.43478260869565216,0.7894736842105263,-0.014300902582681902,0.04390243885747034,0.8305393854465323,金融,航運
22,2017-10-31,biotech,semiconductor,3,0.3028571428571428,0.9242857142857143,0.6214285714285714,-0.33571428571428574,0.1485714285714287,-0.009099051123966917,-0.002746657618896642,0.010147559410882967,0.04656185065278129,-0.18114905705267487,-0.015751867938862574,0.43333333333333335,0.6176470588235294,-0.02159589756476806,0.0241205943789628,0.6610859735783919,生技醫療,半導體
23,2017-11-02,shipping,semiconductor,3,0.32857142857142857,0.9571428571428571,0.6285714285714286,-0.4685714285714286,0.15142857142857147,-0.011639483731478995,-0.0024297008036421874,0.002085820523957338,0.039858579150759854,-0.2026665674105525,-0.02951602355848193,0.6111111111111112,0.6274509803921569,-0.006768218814197388,0.014403023119864473,0.34462024369989885,航運,半導體
24,2017-11-14,electronics,biotech,3,0.2642857142857143,0.9500000000000001,0.6857142857142857,-0.5071428571428571,0.1428571428571429,-0.038050253744631335,0.004265077628486713,-0.01681074355884893,0.007882501913500373,-0.09372206362185215,0.06490572987345034,0.28378378378378377,0.5333333333333333,,,0.5942079749348564,電子零組件,生技醫療
25,2017-11-21,computing,finance,3,0.2828571428571428,0.9571428571428571,0.6742857142857143,-0.12285714285714289,0.2657142857142857,0.004436007159957511,0.012383840239905464,-0.023259936586078056,0.01294490825771133,-0.23086446650899606,0.3146912494586831,0.4322033898305085,1.0,-0.0022394780224625245,0.08595150750422181,0.6748853237991739,資訊/通訊,金融
26,2018-01-11,electronics,finance,3,0.15714285714285714,1.0,0.8428571428571429,-0.5214285714285715,0.6385714285714286,-0.030298226205646483,0.01657837473905477,0.009928636580653127,0.034684740833340055,0.010959208622275396,0.5307352661310745,0.4657534246575342,0.9583333333333334,-0.017291383849964714,0.09149884092653242,0.7026384482653226,電子零組件,金融
27,2018-01-19,biotech,finance,3,0.2928571428571428,0.9571428571428571,0.6642857142857143,-0.26,-0.04285714285714293,-0.0032287532944140773,0.008670689100186202,0.020785272645732933,0.05454541391571688,-0.19776282445483628,0.18974967636002082,0.46875,0.9565217391304348,0.01166555444149071,0.07659654796006513,0.5977700690498425,生技醫療,金融
28,2018-03-30,electronics,biotech,3,0.38571428571428573,0.95,0.5642857142857143,-0.1514285714285714,0.014285714285714346,0.00503738074275939,0.019076205537448043,0.006741568081057414,0.02684543826174779,-0.208852494257378,0.0454241443590806,0.43661971830985913,0.6129032258064516,-0.011259505621091653,-0.004953846894325016,0.8663882647273979,電子零組件,生技醫療
29,2018-04-27,computing,finance,3,0.36,0.9028571428571428,0.5428571428571428,-0.13571428571428568,-0.06571428571428573,-0.049495161954120404,0.004187301363749452,-0.047255977157661055,0.013684493726685343,-0.19333650358137133,-0.08471813859994842,0.256198347107438,0.8461538461538461,-0.010450425917506327,0.06542363961050952,0.7827803487665301,資訊/通訊,金融
30,2018-06-04,shipping,semiconductor,3,0.2,0.7957142857142857,0.5957142857142856,-0.15999999999999998,-0.05857142857142861,-0.0008518721096617554,0.014430060287575763,-0.012418271978935469,0.08533955712649244,-0.07812556678120158,0.1791966851741148,0.4375,0.9019607843137255,-0.020911953055229797,0.0044766884721315,0.31022642528023286,航運,半導體
31,2018-06-22,biotech,finance,3,0.39571428571428574,0.7342857142857142,0.33857142857142847,-0.1285714285714285,0.5385714285714285,-0.018487436548557667,-0.0034601106966910544,-0.009740322693108983,0.003738384793715799,-0.36959701482318286,0.0654930885773164,0.2571428571428571,0.32,-0.02514822660623203,-0.07552166322521904,0.5324992621605654,生技醫療,金融
32,2018-07-10,computing,finance,3,0.3671428571428571,0.8257142857142857,0.45857142857142863,-0.06428571428571428,0.13714285714285723,-0.010507624330183096,0.00970877173832041,-0.06296101532263648,-0.02096042048755231,-0.2638321512279722,-0.28888374919088433,0.25,0.44,0.0017856392035269777,-0.0019980637610553806,0.8232483126244854,資訊/通訊,金融
33,2018-07-27,biotech,shipping,3,0.2057142857142857,0.9028571428571428,0.6971428571428571,-0.26857142857142857,-0.04428571428571426,0.00402343995033172,0.016744408182484016,0.007249515143023744,0.029579996821591292,-0.3122106137120559,0.043987520277577685,0.625,0.9375,0.0004098866759053106,0.04710635088013255,0.7597300084947021,生技醫療,航運
34,2018-08-31,biotech,semiconductor,3,0.39285714285714285,0.8585714285714285,0.4657142857142857,-0.16142857142857142,0.31714285714285717,0.009517115238665053,0.03252505675168971,-0.03129969973805885,-0.012268872858577418,-0.26796446510994865,-0.11298534884613615,0.4444444444444444,0.6122448979591837,0.003940576112227608,0.028857112635523284,0.9143105295194282,生技醫療,半導體
35,2018-09-05,shipping,finance,3,0.26857142857142857,0.9571428571428571,0.6885714285714285,-0.3928571428571428,0.19428571428571428,-0.023076895839959755,-0.008596512856519412,-0.036977576730717665,0.013162764754991563,-0.328170879707114,-0.12928030003999774,0.23529411764705882,0.5384615384615384,-0.06162427429215812,0.001356661553537115,0.8140818648856736,航運,金融
36,2018-09-10,computing,finance,3,0.3014285714285714,0.8957142857142858,0.5942857142857144,-0.14,-0.03857142857142848,-0.07692293096604175,-0.009947823444821868,-0.0731707334531112,0.01692733494193288,-0.033870012612733924,0.016274221153923518,0.0962962962962963,0.38461538461538464,-0.008868617036406167,-0.015694693603441764,0.8300544466964852,資訊/通訊,金融
37,2018-09-14,semiconductor,finance,3,0.3071428571428571,0.8185714285714286,0.5114285714285716,-0.15857142857142864,-0.1528571428571428,-0.007180188218281092,0.01128645683117091,-0.027654340498941943,0.02238996767516188,-0.033787937041319716,-0.03138321735666788,0.24489795918367346,0.8076923076923077,,,0.8227481939816852,半導體,金融
38,2018-09-19,electronics,finance,3,0.3385714285714286,0.9571428571428571,0.6185714285714285,-0.10714285714285715,0.08857142857142852,0.013516098940974497,0.017857081189539548,-0.0402380351296599,0.013953408896382413,-0.2740779848597749,-0.10862111203690483,0.23846153846153847,0.9259259259259259,-0.014780557738403808,0.13940549670737395,0.7945212010754411,電子零組件,金融
39,2018-11-05,biotech,semiconductor,3,0.2785714285714285,0.8414285714285714,0.562857142857143,-0.30142857142857155,0.36,0.026425612851648683,0.0685189288300696,-0.09308754018900889,-0.08631784799525238,-0.4125551134317459,-0.1234732723009151,0.20512820512820512,0.6,0.0015065697742139463,0.05223151139082193,0.9322142354533144,生技醫療,半導體
40,2018-11-07,shipping,semiconductor,3,0.3214285714285714,0.8828571428571428,0.5614285714285714,-0.38142857142857134,0.3085714285714285,-0.004386003666751681,0.04692089817266831,-0.042600013162233996,-0.04947907310128663,-0.49823434553769613,-0.11895307384260367,0.4444444444444444,0.8282828282828283,-0.05765888023188451,0.05349321698680769,0.7954223613003313,航運,半導體
41,2018-12-28,shipping,biotech,3,0.37857142857142856,0.9671428571428572,0.5885714285714286,-0.5885714285714286,0.28,-0.004524922446176527,0.005952417851146974,0.0031445490460431103,0.006191931492182778,-0.5264609022104274,-0.2877610256296387,0.29411764705882354,0.5128205128205128,-0.06423029309077473,-0.0017717278322136776,0.7112161090785816,航運,生技醫療
42,2019-01-03,electronics,biotech,3,0.3171428571428571,0.9171428571428573,0.6000000000000001,-0.17428571428571432,0.024285714285714466,-0.005433513854690208,0.010526462890608101,-0.04752032903766712,-0.008928582240135596,-0.3989213963036722,-0.20557558434201118,0.26119402985074625,0.5128205128205128,,,0.8802187093627327,電子零組件,生技醫療
43,2019-04-09,traditional,semiconductor,3,0.39999999999999997,0.8928571428571428,0.4928571428571428,-0.16142857142857142,0.47571428571428565,0.007407392752829534,0.021930020118168914,0.026347254718105173,0.053571303957970384,-0.027832159823938496,0.029014393014908713,0.6624040920716112,0.7623762376237624,-0.000628706966170381,0.022830318487333346,0.7596934187678661,傳產/其他,半導體
44,2019-04-30,computing,finance,3,0.24571428571428572,0.9685714285714285,0.7228571428571429,-0.2614285714285714,0.4828571428571429,-0.024494126686753492,0.023733847574288536,-0.008131298820004351,0.025075089129291017,-0.36505407629532843,0.1693272715231957,0.2733333333333333,0.7727272727272727,-0.013261391285904606,0.02820438195379007,0.7112579162440561,資訊/通訊,金融
45,2019-04-30,electronics,finance,3,0.38142857142857145,0.9685714285714285,0.5871428571428571,-0.19428571428571417,0.4828571428571429,-0.023700769968280744,0.023733847574288536,-0.0022194353302220082,0.025075089129291017,-0.27399438695233685,0.1693272715231957,0.2537313432835821,0.7727272727272727,-0.021152032045022806,0.02820438195379007,0.7035559836281974,電子零組件,金融
46,2019-05-08,semiconductor,finance,3,0.18571428571428572,0.7999999999999999,0.6142857142857142,-0.4099999999999999,-0.1685714285714286,-0.014634066090606801,-0.007567993815844498,-0.032421406210569326,0.01310657724641906,-0.3133684141099242,0.20019804865501867,0.22772277227722773,0.6363636363636364,-0.03899195170669545,-0.02069104050948079,0.8579013891766097,半導體,金融
47,2019-06-24,biotech,semiconductor,3,0.3257142857142857,0.8642857142857143,0.5385714285714287,-0.6057142857142859,0.25142857142857145,0.010663361867830012,0.019397961671059893,0.043712192060221144,0.05807852572589878,-0.18839347235339005,0.19332133091371306,0.7777777777777778,0.89,,,0.3366418361639029,生技醫療,半導體
48,2019-06-25,finance,semiconductor,3,0.3071428571428571,0.8857142857142857,0.5785714285714285,-0.36428571428571427,0.4457142857142857,0.009685128327317827,0.01511367884286885,0.020491560614828597,0.04719104760144088,-0.0456568688401775,0.21127984225700547,0.68,0.79,,,0.3967904744615552,金融,半導體
49,2019-07-22,electronics,shipping,3,0.31142857142857144,0.9428571428571428,0.6314285714285715,-0.22428571428571425,0.29714285714285715,-0.0015039432808628406,0.02393616011534694,0.03888243225066923,0.06147535716830865,-0.09479735056664601,0.3845528733785393,0.6692307692307692,0.7894736842105263,-0.015079993178659344,-0.006917389124360054,0.6563668853494006,電子零組件,航運
50,2019-07-22,semiconductor,shipping,3,0.3542857142857142,0.9428571428571428,0.5885714285714286,-0.1214285714285715,0.29714285714285715,0.0,0.02393616011534694,0.026260881140571235,0.06147535716830865,-0.010671271457263543,0.3845528733785393,0.6,0.7894736842105263,-0.0022906460250037082,-0.006917389124360054,0.6573890419543846,半導體,航運
51,2019-07-29,biotech,computing,3,0.2,0.9671428571428572,0.7671428571428571,-0.3942857142857142,0.242857142857143,-0.008696205980791405,0.013513448127691507,0.017424141628141654,0.0501319178055446,-0.1744174799030564,0.02147529540465576,0.4722222222222222,0.762589928057554,-0.032379808950703054,0.003231194409102657,0.20657800514141625,生技醫療,資訊/通訊
52,2019-08-23,finance,computing,3,0.32285714285714284,0.9785714285714285,0.6557142857142857,-0.32571428571428573,0.2728571428571429,0.004065105844927919,0.023896669258389514,-0.02162174662169214,-0.0030918555561244565,-0.3219665692743231,-0.020913972850104323,0.48,0.6503496503496503,-0.13695171543779888,0.0054363135863360725,0.7149562945633333,金融,資訊/通訊
53,2019-09-04,traditional,semiconductor,3,0.29428571428571426,0.8585714285714285,0.5642857142857143,-0.28142857142857136,0.38285714285714284,0.020344426939908677,0.02510205608587246,0.030180371496548064,0.05379600247626026,-0.1227677056323534,0.006946596233752156,0.755,0.8673469387755102,0.0244893017522233,0.052486218968446685,0.904845390098267,傳產/其他,半導體
54,2019-09-16,computing,finance,3,0.27999999999999997,0.9685714285714285,0.6885714285714286,-0.31571428571428567,0.45999999999999996,-0.01855127164651188,0.020491811006347227,0.040181220045748534,0.04987523042814357,-0.1894208542497237,0.15011399156415428,0.5135135135135135,0.96,-0.0033677692449621275,0.04206221114193693,0.788361034247575,資訊/通訊,金融
55,2019-09-20,shipping,finance,3,0.22857142857142854,1.0,0.7714285714285715,-0.26142857142857145,0.04999999999999993,-0.003623347626888207,0.006622469396726061,0.011029283170742143,0.049261132283841214,-0.23968442702779835,0.10147824916958692,0.5789473684210527,1.0,0.002822626109291764,0.07716004873577986,0.693689995499566,航運,金融
56,2019-11-12,electronics,finance,3,0.36428571428571427,1.0,0.6357142857142857,-0.21714285714285714,0.03142857142857147,-0.028571239814716765,0.010165221013018422,-0.004504397106280367,0.03359456449596554,-0.13214116260839692,0.2116155191672029,0.32116788321167883,0.9166666666666666,-0.041640188347507975,0.01859795424269746,0.8612275871180857,電子零組件,金融
57,2019-12-19,biotech,finance,3,0.14285714285714285,0.8314285714285714,0.6885714285714286,-0.18285714285714288,0.42428571428571427,-0.0011363957959442672,0.011784538808150113,0.0026456896530683283,0.01167223467248324,-0.22984277390037755,0.07023611722352108,0.47368421052631576,0.9166666666666666,-0.014577388537719066,0.10252715482148464,0.6543563133325986,生技醫療,金融
58,2020-01-15,shipping,finance,3,0.3071428571428571,0.9571428571428571,0.6499999999999999,-0.33,0.257142857142857,0.006097295962127269,0.02302369313402408,-0.008659324948156799,0.012946612302160765,-0.0062369497826536,0.15655108077531632,0.2857142857142857,0.875,-0.05628930421700813,0.08942357860673261,0.7618446591833709,航運,金融
59,2020-02-05,electronics,finance,3,0.23142857142857143,0.9285714285714286,0.6971428571428572,-0.2128571428571428,-0.021428571428571463,-0.09745755868984807,-0.030550085821044348,-0.08993566259437469,-0.011363660826728572,0.10089551459906332,0.7137219959079697,0.1037037037037037,0.4,,,0.9806281732909938,電子零組件,金融
60,2020-02-05,computing,finance,3,0.3185714285714285,0.9285714285714286,0.6100000000000001,-0.20285714285714285,-0.021428571428571463,-0.0942720862878309,-0.030550085821044348,-0.10141213773707025,-0.011363660826728572,0.1054045753465489,0.7137219959079697,0.16981132075471697,0.4,,,0.9797202497521341,資訊/通訊,金融
61,2020-02-24,semiconductor,biotech,3,0.1742857142857143,1.0,0.8257142857142857,-0.4842857142857143,0.4385714285714286,-0.012485834116418348,0.014718709869231517,-0.07822089420483946,0.0045045793496413244,-0.3008631588109614,-0.0688361800144846,0.27835051546391754,0.7,-0.023418272906288794,0.009655472367483039,0.977325278157282,半導體,生技醫療
62,2020-03-30,biotech,electronics,3,0.3314285714285714,0.7385714285714285,0.40714285714285714,-0.18000000000000005,0.2628571428571429,0.09188361348862206,0.10943042245761003,-0.1926489375298458,-0.19002108980151966,-0.3047027489149692,-0.17862977458561763,0.1111111111111111,0.16666666666666666,-0.005448639614257741,-0.0020445967441841445,0.9498537840194984,生技醫療,電子零組件
63,2020-04-08,finance,semiconductor,3,0.2057142857142857,0.9285714285714286,0.7228571428571429,-0.3414285714285714,0.20714285714285718,0.014501070171828223,0.08426400459050698,-0.1087062634075106,-0.07027020441959264,-0.4028132596507077,-0.15296295072145027,0.7307692307692307,0.9896907216494846,-0.05350197793667128,-0.021344999970558536,0.9477456143499512,金融,半導體
64,2020-05-06,semiconductor,biotech,3,0.3,0.9785714285714285,0.6785714285714286,-0.4035714285714285,0.30214285714285716,0.008422335035955353,0.05121951984797235,0.10761093127134036,0.18918927730932422,0.10756112116814054,0.45883944068989124,0.8571428571428571,0.9591836734693877,-0.020642453512835675,0.0016711928138709003,0.9183634924108776,半導體,生技醫療
65,2020-05-08,finance,biotech,3,0.20714285714285713,0.9428571428571428,0.7357142857142858,-0.22500000000000003,0.64,-0.01335288005537838,0.038812762697644554,0.054590989666138845,0.16323534310885768,-0.18904999517579363,0.7210939095839926,0.8846153846153846,0.92,-0.2767025621090006,-0.006923751970879074,0.8392124568683975,金融,生技醫療
66,2020-07-20,biotech,finance,3,0.2857142857142857,0.9057142857142857,0.62,-0.5114285714285713,0.3885714285714287,-0.04068497221334094,0.0,-0.0106406267025011,0.018348829333758587,-0.29083947439917623,-0.06517459178313234,0.2708333333333333,0.6956521739130435,-0.006782253112724859,0.01613992955298334,0.668415491392509,生技醫療,金融
67,2020-07-27,shipping,semiconductor,3,0.19,0.952857142857143,0.7628571428571429,-0.2657142857142856,0.21285714285714297,-0.04048694689803112,-0.012295126560012193,-0.03803608196042152,0.026886413370903695,-0.3876601181338689,-0.13070953772395555,0.0,0.4,-0.0652792136361511,-0.014082855182845596,0.8436910658077034,航運,半導體
68,2020-08-12,computing,shipping,3,0.2357142857142857,0.9685714285714285,0.7328571428571429,-0.3171428571428571,0.5828571428571427,-0.0336133582531708,0.034140808955640645,-0.012101148211898116,0.005376361838682953,-0.15218336097832552,0.6692235729946132,0.41496598639455784,0.9375,-0.011455337605388655,0.030297139331384206,0.8488411781611603,資訊/通訊,航運
69,2020-08-17,biotech,shipping,3,0.21428571428571427,1.0,0.7857142857142857,-0.12714285714285714,0.09142857142857141,0.0019914598150647667,0.032494411225955866,0.014968049428281005,0.04280857903007007,-0.1571576959799727,0.34278322275250706,0.5625,1.0,0.017665704987041883,0.08302188167878863,0.818565767790639,生技醫療,航運
70,2020-08-28,finance,shipping,3,0.3414285714285714,0.9500000000000001,0.6085714285714287,-0.49428571428571433,0.03571428571428581,-0.004950519010084586,0.037947292740442395,0.008838648592593312,0.07453285319088154,-0.22162228729621547,0.18024748015875358,0.391304347826087,0.875,,,0.7076360289141381,金融,航運
71,2020-09-10,computing,shipping,3,0.3142857142857143,0.8714285714285714,0.5571428571428572,-0.2114285714285714,-0.0714285714285714,-0.014705944815895489,-0.006097593339729035,-0.0008974026814456693,0.06376693333796313,-0.21271858917569775,0.07904943983186263,0.4503311258278146,0.7058823529411765,-0.0037327082692874157,0.0039952742253546005,0.8656338220330785,資訊/通訊,航運
72,2020-09-23,shipping,biotech,3,0.24214285714285713,0.9028571428571429,0.6607142857142858,-0.1792857142857143,0.3671428571428572,-0.02752308959544081,-0.014234865205867808,-0.02936983376442842,-0.005987996146615604,-0.5112737262810827,-0.16417783910541217,0.0,0.2765957446808511,-0.12410684926062404,0.018364504475820657,0.2257407750277692,航運,生技醫療
73,2020-09-30,biotech,semiconductor,3,0.3571428571428571,0.7757142857142858,0.4185714285714287,-0.5457142857142858,0.16714285714285737,-0.02826116964494607,-0.018450255323465004,-0.027038627801199422,-0.02813847240906686,-0.28593866986710403,-0.19088377348643426,0.17391304347826086,0.25773195876288657,-0.05665801316137776,-0.03421255523533362,0.7816955334036169,生技醫療,半導體
74,2020-10-15,finance,semiconductor,3,0.24999999999999997,0.9671428571428572,0.7171428571428572,-0.1985714285714286,0.09571428571428575,-0.010362815525740032,0.009043955292503902,-0.03235588534556921,0.003521068631554103,-0.222276992534153,-0.046572558974974365,0.13043478260869565,0.6565656565656566,-0.08724177628214182,0.014870126336975096,0.6295676543569574,金融,半導體
75,2020-10-28,electronics,shipping,3,0.3557142857142857,0.94,0.5842857142857143,-0.27285714285714285,0.10857142857142843,-0.017038174065034772,0.016146193937520814,0.034267136592958436,0.04838912869421097,-0.05254048826963442,0.22461063432286843,0.4357142857142857,0.6666666666666666,-0.012168141592920354,0.001698958866507742,0.8140554916418101,電子零組件,航運
76,2020-11-20,biotech,semiconductor,3,0.14285714285714285,0.8028571428571427,0.6599999999999999,-0.25857142857142856,0.37999999999999984,0.0029835402382963894,0.025362195696515766,0.009618568245187031,0.03208558023947705,-0.07404346938742984,0.2591185193082368,0.625,0.8514851485148515,-0.012295081967213132,0.035010077423002925,0.7006570302162528,生技醫療,半導體
77,2020-12-10,traditional,semiconductor,3,0.3771428571428571,0.9357142857142857,0.5585714285714286,-0.10714285714285715,-0.06428571428571428,-0.0043289813515582365,0.018348588907771246,0.0350664621150758,0.1038461412793934,-0.032457390364587724,0.23159577362321926,0.5781637717121588,0.8118811881188119,-0.00709631636668602,0.013137590949879567,0.6128178845661096,傳產/其他,半導體
78,2020-12-21,computing,shipping,3,0.25571428571428567,0.9857142857142858,0.7300000000000001,-0.2864285714285715,0.0,-0.017647447647757164,0.09418835616353971,0.0,0.23244426741407453,-0.38099920627219835,0.7566813859191989,0.38,0.95,-0.00415581456832188,0.013246757642999967,0.6611358103931143,資訊/通訊,航運
79,2021-01-12,shipping,finance,3,0.36142857142857143,0.9357142857142857,0.5742857142857143,-0.27428571428571424,0.1685714285714286,-0.07424946399692395,0.0,0.016331682198948427,0.019455221289958136,-0.3542546657734156,0.23116122558369478,0.4,0.9565217391304348,0.005343798572261228,0.09407222784162397,0.47077862417329563,航運,金融
80,2021-02-24,finance,shipping,3,0.2857142857142857,0.8871428571428572,0.6014285714285715,-0.38714285714285723,0.43000000000000016,0.01696398186600223,0.04810310257268491,0.013248196420836411,0.031956507553193125,-0.0022550786531132516,0.4798312054754097,0.9545454545454546,1.0,,,0.7097829164670696,金融,航運
81,2021-03-05,computing,shipping,3,0.33714285714285713,0.8842857142857143,0.5471428571428572,-0.20571428571428568,0.1914285714285714,-0.026088736384136668,-0.009085843494518187,0.034711665102676204,0.0847403126839249,-0.18700256273086874,0.009276642694277748,0.6233766233766234,1.0,,,0.8682897679713918,資訊/通訊,航運
82,2021-03-09,semiconductor,shipping,3,0.24428571428571427,0.9171428571428573,0.672857142857143,-0.24571428571428572,0.31285714285714294,-0.021849228373087837,0.04020196376443386,0.01849016715186458,0.12338957132646156,-0.2037648693932011,-0.05754989696227769,0.49056603773584906,1.0,,,0.8618441941925813,半導體,航運
83,2021-03-16,biotech,shipping,3,0.14285714285714285,0.7571428571428571,0.6142857142857143,-0.34428571428571425,-0.16000000000000014,0.007463118492293419,0.02676328085898827,0.06519707763337546,0.15794095086676907,-0.2721258729268872,-0.0045642294163912855,0.6470588235294118,1.0,0.0017080819606048751,0.008178811437326326,0.7258156568929506,生技醫療,航運
84,2021-04-20,computing,shipping,3,0.24857142857142855,0.9178571428571428,0.6692857142857143,-0.2571428571428571,0.11785714285714277,0.007143144813080982,0.2204929113616616,0.06956934771864665,0.3347516430837194,-0.17965824842522715,0.721615818735198,0.675,1.0,0.008084395237100455,0.006712505435563712,0.5906602882834825,資訊/通訊,航運
85,2021-04-20,electronics,shipping,3,0.2685714285714285,0.9178571428571428,0.6492857142857142,-0.28857142857142853,0.11785714285714277,0.014744910683071488,0.2204929113616616,0.06488444905391444,0.3347516430837194,-0.1766728893421664,0.721615818735198,0.6959459459459459,1.0,0.007103699911126834,0.006712505435563712,0.6125374088263763,電子零組件,航運
86,2021-06-01,biotech,shipping,3,0.3828571428571428,0.9142857142857143,0.5314285714285715,-0.17000000000000004,0.027142857142857024,0.021005286718821625,0.13580252049457942,-0.005145760740858263,0.03141364953285897,-0.4871695116236639,0.12514374235864145,0.6666666666666666,1.0,0.026861217669512466,0.003983157385996115,0.9082086743861343,生技醫療,航運
87,2021-06-04,computing,shipping,3,0.2571428571428571,0.9464285714285714,0.6892857142857143,-0.24428571428571433,0.059285714285714164,0.0008320441349037866,0.026415134946542684,-0.054455559632470674,0.02447540408943838,-0.3264904427198211,0.12976614070784498,0.8851351351351351,1.0,-0.004945121626636564,0.0022382775213294205,0.9178485218992148,資訊/通訊,航運
88,2021-06-09,finance,shipping,3,0.18571428571428572,0.8,0.6142857142857143,-0.4814285714285713,-0.12857142857142856,-0.01408456536404068,-0.010386151400239352,0.013927735844928568,0.13964886628720208,-0.47644005429196823,-0.0006414614743383007,0.7391304347826086,1.0,-0.05129043452174011,-0.011286471341379847,0.8606963638899668,金融,航運
89,2021-07-02,semiconductor,shipping,3,0.24285714285714285,0.9857142857142858,0.7428571428571429,-0.1485714285714286,0.05714285714285716,-0.002962963310074729,0.07352929643410877,0.006896599481104548,0.660714320646486,-0.07021139216984129,0.1531486257633634,0.6355140186915887,0.782608695652174,-0.017819758059699976,-0.005869863745167093,0.6742317771344748,半導體,航運
90,2021-07-09,biotech,electronics,3,0.2514285714285714,0.7828571428571427,0.5314285714285714,-0.19142857142857145,0.2799999999999999,-0.009887409147283976,0.01121062490702407,0.006169491160674334,0.04166661635878777,-0.040485469088972714,0.02987778434867061,0.5,0.6814814814814815,-0.009736209129200427,-0.006222906002751136,0.6423334610803576,生技醫療,電子零組件
91,2021-07-21,shipping,finance,3,0.14285714285714285,1.0,0.8571428571428572,-0.25999999999999995,0.1271428571428571,-0.03917305592325815,0.0023147737220172715,-0.035353574984703706,0.03703699616693945,-0.29509205170032415,0.21590456323897,0.043478260869565216,0.8,-0.033901419486081066,0.05953816459499766,0.4394938008418347,航運,金融
92,2021-08-10,electronics,finance,3,0.2928571428571428,1.0,0.7071428571428572,-0.20999999999999996,0.08571428571428574,-0.04035627449388873,0.0,-0.035656965715569644,0.011324863323952994,-0.2983000875253076,-0.11218548637094028,0.21739130434782608,0.5833333333333334,-0.03820701168614359,0.03337464822209918,0.8133730111087033,電子零組件,金融
93,2021-08-13,computing,finance,3,0.25571428571428567,0.9857142857142858,0.7300000000000001,-0.5157142857142857,0.07142857142857151,-0.0819070879724928,-0.005869638256305709,-0.07835055616042375,-0.005422981048591402,-0.3002246344146702,-0.0013206516476942376,0.09803921568627451,0.4166666666666667,-0.023480364666462042,0.0020156102914469023,0.7906984022769583,資訊/通訊,金融
94,2021-08-25,traditional,shipping,3,0.3857142857142857,0.9571428571428572,0.5714285714285715,-0.09714285714285714,0.25,0.010402511933663372,0.05882342379591976,-0.04266257565593978,0.039735354650122234,-0.24204008462345922,0.2612470993352485,0.27294685990338163,0.782608695652174,-0.013349035202981453,-0.013189102761851661,0.8999179385884563,傳產/其他,航運
95,2021-09-03,shipping,finance,3,0.3285714285714285,0.9571428571428571,0.6285714285714286,-0.5785714285714286,0.2785714285714286,-0.06542384819840463,0.017019759845480653,-0.023134975648935907,0.037157042477844904,-0.36086950320265077,0.1676132031937856,0.09090909090909091,0.8846153846153846,-0.0018611563454622917,0.08535885490277509,0.6130934015324148,航運,金融
96,2021-09-13,computing,biotech,3,0.3414285714285714,0.89,0.5485714285714286,-0.10714285714285715,0.27142857142857146,-0.010706662238414655,0.02292772302581847,0.00013981012069530507,0.04072419768104951,-0.18916678084656557,-0.008379828007201495,0.4394904458598726,0.6285714285714286,-0.0064968541837553215,0.023528119731816524,0.8066368356854839,資訊/通訊,生技醫療
97,2021-10-15,traditional,biotech,3,0.23857142857142855,0.8042857142857142,0.5657142857142856,-0.15428571428571425,0.11571428571428566,-0.012505987324631151,-0.0030001019924780215,-0.0550088647316177,-0.03571425265342554,-0.24991802584933653,-0.01080117197867514,0.2804878048780488,0.4634146341463415,-0.01760563380281691,-0.010497732871019811,0.8950145814545704,傳產/其他,生技醫療
98,2021-11-03,finance,electronics,3,0.2642857142857143,0.9142857142857143,0.6499999999999999,-0.4342857142857142,0.02857142857142858,-0.003144611203677816,0.012350479171127304,0.026845685372287376,0.08703585322201546,-0.16912247685814819,0.24028156215366003,0.72,0.8913043478260869,-0.005032465182736457,0.02641589823093371,0.25105722820091086,金融,電子零組件
99,2021-11-18,shipping,finance,3,0.3,0.9057142857142857,0.6057142857142856,-0.28285714285714286,0.34571428571428575,0.006269678465449013,0.04008911576136187,0.008264432753449347,0.04216872443062858,-0.23303288315267656,0.5974032028829772,0.7142857142857143,0.96,0.008726650149427315,0.14191334635647457,-0.05568640445790596,航運,金融
100,2021-11-19,biotech,finance,3,0.37857142857142856,0.8742857142857142,0.49571428571428566,-0.06,0.2928571428571428,0.006831198892727319,0.021739210235886652,0.029201378690619784,0.03719002370740854,-0.10382903750646005,0.5437331718770311,0.6666666666666666,0.96,0.0019892839313403556,0.15352122842706956,0.37680999440334423,生技醫療,金融
101,2021-12-06,traditional,shipping,3,0.2828571428571428,0.8742857142857142,0.5914285714285714,-0.23428571428571432,0.2857142857142857,0.011583088604161684,0.07272711064779691,-0.0014367280101882374,0.020583276032788422,-0.2906310785851507,0.1917131280102018,0.4322250639386189,0.7142857142857143,-0.008349368079062409,0.055126319244647184,0.7904324754033691,傳產/其他,航運
102,2021-12-27,shipping,electronics,3,0.3457142857142857,0.8642857142857142,0.5185714285714285,-0.39000000000000007,0.11142857142857143,0.0038477358214471513,0.02727495220014775,0.05832531678240083,0.04793595970016862,-0.5319386783500224,-0.18257617476989718,0.45,0.7243589743589743,0.0053086665115861815,0.026539541811141158,0.43098743186066013,航運,電子零組件
103,2022-01-10,electronics,finance,3,0.32142857142857145,1.0,0.6785714285714286,-0.3585714285714285,0.2014285714285715,-0.03361756474288263,0.017543688115234213,-0.005499409000849276,0.025078294060637996,-0.10546744533522562,0.18859518571121825,0.34615384615384615,0.96,-0.020846856447177077,0.10541466861974955,0.6979628151111924,電子零組件,金融
104,2022-02-08,computing,finance,3,0.2614285714285714,0.8957142857142857,0.6342857142857143,-0.22714285714285715,0.10999999999999999,0.01643194875691245,0.03274962002082216,-0.06681040953994222,0.07031386515039328,-0.2925198452098515,-0.04102006514197992,0.33519553072625696,0.8846153846153846,0.02787779992963535,0.03197553573695186,0.8487166056715788,資訊/通訊,金融
105,2022-02-16,traditional,shipping,3,0.39,0.9357142857142857,0.5457142857142857,-0.20999999999999996,0.03428571428571425,-0.009417919718813172,0.004151540922735619,-0.023368109269709947,-0.015727318883979213,-0.19318523075365207,-0.09000610305917223,0.5467032967032966,0.8,-0.009767925260765486,0.044759182840860334,0.9022442871685826,傳產/其他,航運
106,2022-02-23,finance,shipping,3,0.38999999999999996,0.9500000000000001,0.56,-0.09857142857142859,0.014285714285714346,-0.009825293601423146,0.031976745219020275,0.0009259644350472218,0.07142859014493097,-0.17685347099266596,0.7781792386265578,0.4230769230769231,0.8571428571428571,,,0.8973552708636904,金融,航運
107,2022-03-22,shipping,finance,3,0.26857142857142857,0.8714285714285714,0.6028571428571429,-0.6671428571428571,0.04428571428571437,-0.0038460154819798253,0.04488510492060882,-0.020560841204304903,0.02067354928796261,-0.4307176246655552,0.18435719286648133,0.2857142857142857,1.0,0.0014498936491620798,0.16637444937647183,0.815217671171312,航運,金融
108,2022-04-07,semiconductor,finance,3,0.29428571428571426,1.0,0.7057142857142857,-0.28714285714285714,0.04714285714285704,-0.03602815205928822,0.03737818710260754,0.0117341786093762,0.13791915382323905,-0.1101687430562675,0.3236801829222673,0.19811320754716982,0.9615384615384616,-0.06472987944683177,0.023170165616207564,0.8675065725700647,半導體,金融
109,2022-05-06,biotech,shipping,3,0.39285714285714285,0.9714285714285714,0.5785714285714285,-0.24714285714285716,0.25714285714285723,-0.003580375246923728,0.0571288570398133,-0.03239464977914519,0.06608710411674446,-0.4921824951937293,-0.06781400362801854,0.15217391304347827,0.7272727272727273,-0.010935104703757734,-0.00016739113149829085,0.7196678467343841,生技醫療,航運
110,2022-05-06,finance,shipping,3,0.2414285714285714,0.9714285714285714,0.73,-0.38142857142857134,0.25714285714285723,-0.027659576161956134,0.0571288570398133,-0.07491855997012986,0.06608710411674446,-0.28674079767036187,-0.06781400362801854,0.0,0.7272727272727273,-0.08732075947934448,-0.00016739113149829085,0.4876019295669773,金融,航運
111,2022-05-18,shipping,semiconductor,3,0.21,0.9671428571428572,0.7571428571428572,-0.3471428571428572,0.06000000000000005,-0.032778393693935204,0.033397077647031814,-0.056550892618254855,-0.030722123177306992,-0.3984608612003042,-0.044172622986895504,0.045454545454545456,0.6122448979591837,0.017144702179043028,0.05848510095984962,0.7646066893525139,航運,半導體
112,2022-06-10,finance,electronics,3,0.20714285714285713,0.9214285714285715,0.7142857142857144,-0.23142857142857143,0.24,-0.006896520060081013,0.002364115065326411,0.03153153814223231,0.08346705903951346,-0.4321136370462997,-0.12972839700977545,0.5555555555555556,0.7669172932330827,-0.13166170256042448,0.00023677869880758324,0.5359760308486946,金融,電子零組件
113,2022-06-17,shipping,biotech,3,0.15714285714285714,0.86,0.7028571428571428,-0.06428571428571431,0.1814285714285715,-0.10009628121319514,-0.03694597091760288,-0.061431000737527164,-0.0008101788592980719,-0.08615377265794327,0.07724862166815727,0.09090909090909091,0.35714285714285715,-0.06985490914513806,0.008397082011202452,0.6224177024107849,航運,生技醫療
114,2022-08-15,traditional,finance,3,0.3514285714285714,0.8414285714285714,0.49,-0.18285714285714283,0.1171428571428571,0.03628110574971566,0.03964756882438114,0.05337073552779015,0.09448802701009629,0.010560479922343324,0.030715946644762404,0.78239608801956,1.0,,,0.8286708196559628,傳產/其他,金融
115,2022-08-19,shipping,biotech,3,0.2114285714285714,0.8557142857142858,0.6442857142857144,-0.14714285714285713,0.3885714285714286,-0.0024630384184983756,0.03658547295331194,-0.004179724464846157,0.06324104513656259,-0.11515494559538975,0.22849639131964006,0.7619047619047619,1.0,,,0.6940379599725336,航運,生技醫療
116,2022-08-25,finance,biotech,3,0.2928571428571428,0.9428571428571428,0.65,-0.18142857142857144,0.024285714285714244,-0.009120443191010519,0.026983552251972798,0.05022150326851105,0.08812924686181134,-0.257704756024812,0.6927065575182746,0.7692307692307693,0.9736842105263158,-0.05370046485045148,-0.0038139012395199106,0.6018819045674142,金融,生技醫療
117,2022-10-11,biotech,semiconductor,3,0.20714285714285713,0.8014285714285714,0.5942857142857143,-0.34714285714285714,0.22571428571428576,-0.025462402630838488,-0.015821662209030085,-0.13525571409247095,-0.11568541823467693,-0.306931730816359,-0.13781689248788231,0.06818181818181818,0.1,-0.04338777332547696,-0.008028704701145596,0.9036888943558471,生技醫療,半導體
118,2022-10-18,shipping,semiconductor,3,0.29285714285714287,0.9857142857142858,0.6928571428571428,-0.4042857142857142,0.18428571428571439,-0.050338429769651694,0.004219459408095427,-0.12067691201687375,-0.09195439860030613,-0.12856054333988265,-0.0019242753429790094,0.0,0.2755102040816326,0.0438883250656611,0.037849263055347374,0.868518207096955,航運,半導體
119,2022-11-15,traditional,semiconductor,3,0.38,0.9014285714285715,0.5214285714285715,-0.14,0.26428571428571435,0.027118699870298357,0.042342310642953684,0.06113535553936944,0.07594272038717786,0.28378484553037375,0.3417617162251664,0.8905109489051095,0.9795918367346939,0.019084260319035463,0.06461427655871857,0.8196560480705349,傳產/其他,半導體
120,2022-12-08,shipping,biotech,3,0.23285714285714282,0.9171428571428573,0.6842857142857144,-0.6671428571428573,0.11857142857142877,-0.026666641235351562,-0.005814136727497421,0.02880649869830587,0.09876543023795703,-0.08188243724208621,0.026144153885852006,0.5652173913043478,0.8372093023255814,,,0.6664216426839192,航運,生技醫療
121,2022-12-13,semiconductor,biotech,3,0.33999999999999997,0.8428571428571429,0.5028571428571429,-0.16857142857142848,-0.05714285714285705,-0.019678043971892434,-0.009697319776726165,0.014686164098869803,0.07237186152363262,-0.18454318265565928,0.010594048658369437,0.504950495049505,0.6666666666666666,,,0.7715544061140562,半導體,生技醫療
122,2023-01-09,biotech,finance,3,0.36000000000000004,0.9571428571428571,0.597142857142857,-0.48428571428571415,0.14,0.0003538900549741597,0.032835919189067475,-0.012228921300933948,0.015822844580615447,-0.4304699830185251,0.0012950502739534908,0.38095238095238093,0.88,0.024561913445767743,0.2333610083471971,0.7443095700458837,生技醫療,金融
123,2023-01-10,shipping,finance,3,0.3428571428571428,1.0,0.6571428571428573,-0.39571428571428585,0.2885714285714286,-0.006315743888017589,0.035143807380571435,0.00647239629912022,0.017073185656656165,-0.4836626658976304,0.08118827425858655,0.30434782608695654,0.88,-0.006768143701227064,0.2298547168002301,0.2600095708743136,航運,金融
124,2023-03-23,shipping,electronics,3,0.2514285714285714,0.9571428571428571,0.7057142857142857,-0.6157142857142857,0.26142857142857134,0.007299260868110169,0.04795741975786516,0.02564101830047405,0.03734929243909235,-0.5360740917912192,-0.10798033992389144,0.17391304347826086,0.7593984962406015,0.018809888908863218,0.06004791298144918,0.6067911351431127,航運,電子零組件
125,2023-04-25,electronics,biotech,3,0.39285714285714285,0.8785714285714284,0.4857142857142856,-0.1771428571428571,-0.0614285714285715,-0.07017537294671872,-0.0306121336237124,-0.024802730981614896,0.03564365421657123,0.04526036442984127,0.22861310366949872,0.25547445255474455,0.4634146341463415,-0.023354755205363585,-0.027053358571389755,0.8143166418891196,電子零組件,生技醫療
126,2023-05-05,shipping,biotech,3,0.3057142857142857,0.952857142857143,0.6471428571428572,-0.18285714285714277,0.024285714285714355,-0.006564597085659041,0.022535205125225444,-0.01637280165658317,0.05325439036768298,-0.1548231063413119,-0.10087163721311143,0.3333333333333333,0.7073170731707317,-0.011667101994480854,0.0338442658875092,0.6800041623961919,航運,生技醫療
127,2023-05-10,computing,finance,3,0.35428571428571426,0.9685714285714285,0.6142857142857143,-0.29571428571428576,0.2857142857142857,-0.011591145993172569,0.015290375005374002,-0.033003427007753716,0.019921017011270137,-0.3054855301990641,0.0005843323316295224,0.3399014778325123,0.7727272727272727,-0.024379881122564142,0.1352056943453363,0.8177697756179597,資訊/通訊,金融
128,2023-05-30,biotech,semiconductor,3,0.2,1.0,0.8,-0.06285714285714283,0.34857142857142864,-0.01754378417561364,0.019033350920745207,-0.04270469719088055,0.03736412177263737,-0.3201773655565807,0.25094235008916144,0.32558139534883723,0.803921568627451,-0.01810845369592937,0.009175402992243016,0.7905019207055709,生技醫療,半導體
129,2023-06-19,finance,semiconductor,3,0.24428571428571427,0.8642857142857143,0.6200000000000001,-0.3271428571428571,0.12428571428571433,-0.0033670245081098837,0.011345250824195796,-0.0035460929435150446,0.06727834167459346,-0.030796857084742335,0.06661567160274084,0.6086956521739131,0.693069306930693,,,0.4602594278209407,金融,半導體
130,2023-06-27,shipping,traditional,3,0.2757142857142857,0.8,0.5242857142857144,-0.5157142857142858,0.14142857142857157,-0.025076856262396918,-0.014893496044411814,-0.0024803176724151887,0.0328467650441453,-0.1841734866265537,-0.12652557997396796,0.4,0.47911547911547914,,,0.35906086741535675,航運,傳產/其他
131,2023-07-20,traditional,finance,3,0.34285714285714286,0.9257142857142857,0.5828571428571429,-0.1414285714285714,0.12142857142857155,0.009208077772925538,0.024038486877026255,-0.011943466887682885,0.01837986261129032,-0.07772822369652976,0.17745548137311606,0.41849148418491483,0.875,-0.0071985203890555976,0.13433602365786498,0.7803149995763882,傳產/其他,金融
132,2023-08-08,computing,finance,3,0.30428571428571427,0.8714285714285713,0.5671428571428571,-0.14285714285714285,-0.07857142857142874,-0.029126232778776906,-0.007251910240260284,-0.023885444257464417,0.038358322282649016,-0.25594486927121574,0.003431460819079246,0.29533678756476683,0.5416666666666666,-0.0414715928071525,-0.1092977209305139,0.7565786392693937,資訊/通訊,金融
133,2023-08-10,biotech,finance,3,0.39999999999999997,0.9171428571428573,0.5171428571428573,-0.20857142857142857,0.01000000000000012,-0.03286379721426802,0.002874601308040625,-0.011982717013045985,0.02617504762598577,-0.33817434697402504,-0.14792479809328712,0.17073170731707318,0.6666666666666666,,,0.7118811997270645,生技醫療,金融
134,2023-09-20,semiconductor,shipping,3,0.26285714285714284,1.0,0.7371428571428571,-0.14,0.5214285714285714,-0.010170614685872548,0.04460368218124944,0.015604638201060395,0.053557910602004544,-0.11810344810459356,1.037423167791812,0.4230769230769231,0.7,-0.03381474223644487,-0.003734771347335105,0.705191139928454,半導體,航運
135,2023-10-04,shipping,electronics,3,0.38142857142857145,0.8099999999999999,0.4285714285714285,-0.3214285714285715,0.07285714285714284,-0.018184320639546225,0.0036618709600052535,0.001680716475889632,-0.012506096634203212,-0.3456720448917058,-0.23808460136137338,0.25,0.44285714285714284,-0.0432656957883775,-0.013496818496853696,0.5044926141103928,航運,電子零組件
136,2023-10-13,traditional,finance,3,0.2757142857142857,0.8728571428571429,0.5971428571428572,-0.31999999999999995,0.42714285714285716,0.002100905392971031,0.030617974240819024,-0.00500001907348635,0.0,-0.04105748597974446,0.09211285345990916,0.3857493857493858,0.7692307692307693,-0.015355215340559978,0.09157536565952368,0.806745174248355,傳產/其他,金融
137,2023-11-07,biotech,finance,3,0.37,0.7957142857142857,0.4257142857142857,-0.4257142857142857,0.042857142857142816,0.02526025675136223,0.02955668637776032,-0.010724525526371542,0.01129950581181749,-0.3207209035247828,-0.16066857234497334,0.7272727272727273,0.8888888888888888,0.07036729500474277,0.16532296378000486,0.7247002493768792,生技醫療,金融
138,2023-11-24,shipping,electronics,3,0.2542857142857143,0.9214285714285714,0.667142857142857,-0.5128571428571427,0.30428571428571427,-0.0021368379543227345,0.02297727719549314,0.046403743723637536,0.06850072559109288,0.02825617420893667,0.17815376089229273,0.7368421052631579,0.8695652173913043,0.015015762200368725,0.02551777134684908,0.7117534175885255,航運,電子零組件
139,2023-12-08,semiconductor,shipping,3,0.38714285714285707,0.9428571428571428,0.5557142857142858,-0.06714285714285717,0.17571428571428582,-0.007331441286369089,0.027027111837921725,0.07006376133050174,0.08922551383947486,-0.14102156396436571,0.7167665312672018,0.7428571428571429,1.0,-0.0241443698315149,-0.015616054647954888,0.6546772672891811,半導體,航運
140,2024-01-02,biotech,finance,3,0.17857142857142855,0.8642857142857143,0.6857142857142857,-0.09714285714285714,0.4085714285714286,0.005835015432925417,0.01412869142676798,-0.03165670661563891,0.010865242171081535,-0.3612306162736465,-0.14774632258319642,0.425,0.7407407407407407,,,0.6121137659973055,生技醫療,金融
141,2024-01-08,semiconductor,shipping,3,0.1957142857142857,1.0,0.8042857142857143,-0.49571428571428566,0.6328571428571429,-0.028708103765701654,0.030710269853215566,-0.013123381254916633,0.006896623392327772,-0.28005731147756396,0.15169942361465982,0.34285714285714286,0.6666666666666666,-0.03866591124338374,-0.003967211407815886,0.670567306886181,半導體,航運
142,2024-01-08,electronics,shipping,3,0.27999999999999997,1.0,0.72,-0.20857142857142857,0.6328571428571429,-0.020205565227516098,0.030710269853215566,-0.014259465064212606,0.006896623392327772,-0.24073620770818382,0.15169942361465982,0.33098591549295775,0.6666666666666666,-0.017809881943210815,-0.003967211407815886,0.6682902797459938,電子零組件,航運
143,2024-01-26,shipping,electronics,3,0.15714285714285714,0.9428571428571428,0.7857142857142857,-0.09285714285714283,0.08428571428571419,-0.0020704451616271324,0.011890564701957707,-0.047846897008171685,-0.012720517333739079,-0.6468487673566997,-0.0676915580914238,0.09523809523809523,0.5394736842105263,-0.045451350942250036,-0.001988768567910103,0.39086105470035076,航運,電子零組件
144,2024-03-12,computing,finance,3,0.26285714285714284,0.9500000000000001,0.6871428571428573,-0.3528571428571428,0.26428571428571435,-0.024509671012892253,0.03283581708792549,0.04042811049224282,0.062367832054747385,-0.03388121410185385,0.44689312406550696,0.47368421052631576,0.9629629629629629,,,0.7330540390086037,資訊/通訊,金融
145,2024-03-28,shipping,finance,3,0.20714285714285713,0.8771428571428571,0.6699999999999999,-0.24571428571428572,0.17714285714285705,-0.00793649065672164,0.005899710690007165,-0.02500006118019038,0.05985918742098906,-0.3684638507230743,-0.19875560389514935,0.5263157894736842,0.8518518518518519,-0.04855439570108175,0.0358507068452114,0.42902284399923624,航運,金融
146,2024-04-17,semiconductor,shipping,3,0.22285714285714286,0.8471428571428571,0.6242857142857142,-0.3699999999999999,0.4757142857142857,-0.04489797759249614,-0.010135216594390095,-0.016806862447980908,0.0,-0.03145166559269197,0.46875008919894334,0.2761904761904762,0.42105263157894735,-0.03338718736130281,0.07090547407964314,0.84831563981657,半導體,航運
147,2024-04-25,computing,shipping,3,0.19714285714285712,1.0,0.8028571428571429,-0.13428571428571434,0.33857142857142863,-0.020746887091086075,0.0182184190297332,-0.033194999265511504,0.039534901463708305,-0.21728880107357496,0.4847647008257321,0.25380710659898476,0.8421052631578947,-0.029483976654710847,0.0463718113602557,0.7869899921571494,資訊/通訊,航運
148,2024-05-07,biotech,finance,3,0.23857142857142855,0.9685714285714285,0.73,-0.12714285714285717,0.29000000000000004,-0.0031645208991599727,0.012778812496342273,-0.02816892680188665,0.05106817998171387,-0.2983133626124299,0.054897663474628655,0.5675675675675675,0.9642857142857143,-0.024344530321248517,0.13607920113330854,0.7309046644788784,生技醫療,金融
149,2024-05-14,electronics,shipping,3,0.3271428571428571,0.9714285714285714,0.6442857142857144,-0.33428571428571424,0.29714285714285715,-0.010471351033823795,0.05346286773800757,0.002178444335531049,0.11363639136103187,-0.18116509526364488,1.016929288028567,0.5590062111801242,0.8947368421052632,0.0006404958419780606,0.00900515994851861,0.7808327616223317,電子零組件,航運
150,2024-05-29,finance,semiconductor,3,0.2057142857142857,0.8685714285714285,0.6628571428571428,-0.38857142857142857,-0.0814285714285714,-0.021052675746275118,0.014099817605490617,0.019480573301831283,0.06544895968550857,-0.18484792830053054,0.06341836911324461,0.2413793103448276,0.88,-0.057287148492513575,0.028352934085136443,0.4636540974877057,金融,半導體
151,2024-07-01,semiconductor,biotech,3,0.23999999999999996,0.9857142857142858,0.7457142857142858,-0.5614285714285714,0.3542857142857144,-0.0020972271526042974,0.014160652757640668,0.00846118355072878,0.05260927610210031,-0.19503257173819188,0.09542535197932878,0.53,0.7857142857142857,-0.02069533814258468,0.028204468215186476,0.6839371895977608,半導體,生技醫療
152,2024-07-26,computing,finance,3,0.4,0.9357142857142857,0.5357142857142857,-0.3314285714285714,0.19000000000000006,-0.07263473587915575,-0.02798509011514483,-0.04149791076563403,0.021153829963446613,-0.20609420136560075,0.10256196672656959,0.225,0.25925925925925924,-0.030652109757476738,0.027912233645349352,0.8098927937450141,資訊/通訊,金融
153,2024-08-08,electronics,shipping,3,0.36714285714285716,0.8542857142857143,0.48714285714285716,-0.3199999999999999,0.2857142857142858,-0.10959238870170263,-0.0561556734289293,-0.13192759993767483,-0.06332548299995333,-0.13287083777158448,0.035681499315528775,0.07228915662650602,0.15,0.006838915267411752,-0.008117231892594912,0.9297293678667146,電子零組件,航運
154,2024-08-21,shipping,electronics,3,0.3828571428571428,0.8828571428571428,0.5,-0.12428571428571433,0.24285714285714277,0.0035460571989580636,0.03148149619154217,-0.005000009965896668,-0.003012048192771122,-0.35985197076359643,-0.16224312844825584,0.47619047619047616,0.7300613496932515,0.050476702166493165,0.03858416468556189,0.9154547780121286,航運,電子零組件
155,2024-09-13,electronics,computing,3,0.2685714285714285,0.8285714285714285,0.56,-0.15571428571428575,0.31999999999999995,0.002270159574603303,0.011050070981617699,-0.03560233844483346,-0.004595828767545496,-0.2961537727437132,-0.13353374328284556,0.2716049382716049,0.38235294117647056,-0.0017937588704860128,0.013455,0.8545734412818086,電子零組件,資訊/通訊
156,2024-10-14,biotech,semiconductor,3,0.29857142857142854,0.9214285714285715,0.622857142857143,-0.5357142857142856,0.5471428571428572,-0.02464788732394363,0.004815085092817362,0.032646151435349546,0.04469496314731458,-0.3186069219468889,-0.08014234033368317,0.24390243902439024,0.5098039215686274,-0.06309188839430169,-0.005204940901824417,0.7021620424076002,生技醫療,半導體
157,2024-11-14,computing,shipping,3,0.3414285714285714,1.0,0.6585714285714286,-0.13,0.04285714285714293,-0.05063297309390591,0.003590677921005092,-0.04984418204531793,0.033333278997829785,-0.04927921772783983,0.33139263343471503,0.1902439024390244,0.5714285714285714,-0.06418141916605705,-0.004731138860168572,0.7183767534189777,資訊/通訊,航運
158,2024-12-03,shipping,finance,3,0.3985714285714285,1.0,0.6014285714285714,-0.2971428571428572,0.352857142857143,-0.02197793592907271,0.008423579250094848,0.002638521588197884,0.016771659903372815,-0.23432431717409663,-0.05732324768763314,0.3333333333333333,0.9166666666666666,-0.12016192780319468,0.11168420831729228,0.6181496732054468,航運,金融
159,2025-02-04,shipping,finance,3,0.3014285714285714,0.7928571428571428,0.49142857142857144,-0.5757142857142857,0.1528571428571429,-0.034567970789016966,0.0,-0.04532558341845583,-0.000645136222975129,-0.2453692646627369,0.04022601238105494,0.10526315789473684,0.375,-0.11099630499621616,-0.011510837988615897,0.6318364610447994,航運,金融
160,2025-02-18,finance,shipping,3,0.24999999999999997,0.82,0.57,-0.25857142857142856,0.52,0.011538421005374166,0.054844606182027134,0.03716213433924631,0.05677660028301412,-0.011045537272011519,0.37930187956898065,0.92,0.8421052631578947,0.004768857119275943,0.0634390866283698,0.5739780585310919,金融,航運
161,2025-03-11,electronics,shipping,3,0.35285714285714287,0.9342857142857143,0.5814285714285714,-0.16714285714285715,0.010000000000000009,-0.03286387195110729,-0.006152848404465783,-0.012396725741299686,0.0713322460646747,-0.21703069220700022,-0.01233848736121107,0.22580645161290322,0.7,-0.041147747846601294,0.049439157823633645,0.7470923388084402,電子零組件,航運
162,2025-04-17,biotech,shipping,3,0.3471428571428571,0.8971428571428571,0.55,-0.30785714285714294,0.32500000000000007,0.03665517799935203,0.06430253015723808,-0.16374268184277285,-0.1131801731147789,-0.20497932343027025,0.2916080004986188,0.02564102564102564,0.1,,,0.9504653644423596,生技醫療,航運
163,2025-05-19,traditional,shipping,3,0.2957142857142857,0.9857142857142858,0.6900000000000001,-0.19285714285714284,0.6142857142857143,-0.001728415581649545,0.06604721337208086,0.06771973921937247,0.10470856474386558,0.06527302551444947,0.9354316649361168,0.7464454976303317,0.95,-0.01127484970123815,0.027490940492962117,0.8763721628151466,傳產/其他,航運
164,2025-06-26,shipping,finance,3,0.14285714285714285,0.7857142857142857,0.6428571428571428,-0.5042857142857142,-0.11571428571428577,-0.014209512007794745,0.007984023957211539,-0.031204905386567172,0.021197073639506403,-0.23175187237002937,0.2364556851455677,0.15789473684210525,0.7931034482758621,-0.06274117914459895,0.009116206699830659,0.4506656686819636,航運,金融
165,2025-07-04,biotech,finance,3,0.1757142857142857,1.0,0.8242857142857143,-0.10999999999999999,0.17142857142857149,-0.01478747087141652,0.0,-0.02320446205487059,0.02611937172527168,-0.25464263394545084,-0.06441596295434326,0.21621621621621623,0.6896551724137931,-0.04901615298445894,0.03263155241339987,0.8805661098761092,生技醫療,金融
166,2025-07-24,computing,biotech,3,0.19,0.9042857142857142,0.7142857142857142,-0.1542857142857143,0.25142857142857145,-0.007836976558019182,0.008849587819209415,0.0048076876341538455,0.02198024315682412,-0.07818503818967293,0.19251944084440775,0.6060606060606061,0.8205128205128205,-0.02147589394976942,0.04579213171464004,0.8041624465904889,資訊/通訊,生技醫療
167,2025-08-06,shipping,semiconductor,3,0.17857142857142855,0.9071428571428571,0.7285714285714286,-0.6028571428571428,0.11857142857142855,-0.0019268263175000744,0.020257905288780576,0.0199777872472513,0.0765370654408446,-0.23904196820910106,0.013447024156171938,0.5789473684210527,0.8316831683168316,,,0.5621888920724117,航運,半導體
168,2025-08-18,electronics,shipping,3,0.2828571428571428,0.8814285714285713,0.5985714285714285,-0.16285714285714292,0.23571428571428565,0.015832363365337332,0.028520540683373508,0.024786387017905365,0.0665434822616573,0.05697003086870933,0.17113541031240742,0.6418918918918919,0.8421052631578947,0.015135678569854382,0.14679618688804175,0.8021248984093111,電子零組件,航運
169,2025-09-12,traditional,semiconductor,3,0.3742857142857143,0.907142857142857,0.5328571428571427,-0.16571428571428565,0.42285714285714276,-0.015010236635491725,0.007169707237403955,0.0,0.028103816941645876,-0.09074628744860858,0.08445263185720686,0.4441747572815534,0.5961538461538461,-0.0247300045590095,-0.00523528770704591,0.7523145067663096,傳產/其他,半導體
170,2025-09-19,biotech,semiconductor,3,0.27428571428571424,0.8957142857142858,0.6214285714285716,-0.2628571428571429,-0.011428571428571233,-0.0030074729058975347,0.02077152890762579,0.015313934965782261,0.056790189940282954,-0.2725144254053269,-0.046424631839687036,0.4594594594594595,0.6285714285714286,,,0.6427054836620154,生技醫療,半導體
171,2025-09-30,computing,finance,3,0.2785714285714285,1.0,0.7214285714285715,-0.22142857142857142,0.38142857142857134,-0.01904759379883114,0.011965825007512088,-0.020805709863611965,0.03623188272257338,-0.2240699062954804,0.07027755114154188,0.33905579399141633,0.7931034482758621,-0.01757726527628669,0.023830971219496153,0.7888073255889049,資訊/通訊,金融
172,2025-11-06,semiconductor,finance,3,0.3057142857142857,0.9685714285714285,0.6628571428571428,-0.5371428571428571,0.29714285714285715,-0.026985196270998713,0.0036741933803537963,-0.027941168894261403,0.007989794136211481,-0.2105421405464442,-0.06786472651983694,0.3076923076923077,0.6071428571428571,-0.03787342536211737,0.10445440031717566,0.598826711274112,半導體,金融
173,2025-11-13,shipping,finance,3,0.14285714285714285,1.0,0.8571428571428572,-0.3385714285714286,0.03142857142857147,-0.01953500539978492,0.0036799659898714143,-0.034814936370883176,0.004890074686942358,-0.25210933872939817,0.03977072022393102,0.3,0.6071428571428571,-0.08419297932207365,0.0887611024219069,0.3450477647332939,航運,金融
174,2025-11-18,computing,finance,3,0.2971428571428571,0.9214285714285714,0.6242857142857143,-0.1771428571428571,-0.07857142857142863,-0.045755153165496665,-0.0179441997648237,-0.07694920038136221,-0.010031979711055738,-0.0663020344328401,0.11021644531475983,0.15948275862068967,0.25,-0.003131189280846704,-0.003857093423792632,0.757031798701559,資訊/通訊,金融
175,2025-11-18,electronics,finance,3,0.1742857142857143,0.9214285714285714,0.7471428571428571,-0.29999999999999993,-0.07857142857142863,-0.046336238258090856,-0.0179441997648237,-0.07378337059100804,-0.010031979711055738,-0.12681424018895637,0.11021644531475983,0.1342281879194631,0.25,-0.04575961320433512,-0.003857093423792632,0.7594139264695778,電子零組件,金融
176,2025-12-12,shipping,finance,3,0.26857142857142857,0.8685714285714285,0.6,-0.5114285714285713,-0.03285714285714292,-0.02448558720782279,0.01234572649498844,0.01578012041312804,0.020746887638410483,-0.21957599390281163,-0.08835459610924812,0.45,0.8620689655172413,-0.14837169405292044,0.14232938817753318,0.7000495345637022,航運,金融
177,2026-01-09,computing,biotech,3,0.3857142857142857,0.95,0.5642857142857143,-0.26142857142857134,0.37,-0.0036992606998552113,0.02034455188106532,0.012241969638181471,0.043614177659313635,0.16986982165160835,0.3266609322999936,0.5675675675675675,0.775,-0.011945516764799428,-0.00046545725916171234,0.7534514924862047,資訊/通訊,生技醫療
178,2026-01-14,finance,biotech,3,0.17857142857142855,0.8328571428571429,0.6542857142857144,-0.07,-0.04142857142857148,-0.0010080993412015515,0.015676298035705694,0.005133050291901919,0.046890298147324705,-0.1536116528685918,0.3158329250474773,0.32142857142857145,0.8,,,0.062333030714090513,金融,生技醫療
179,2026-02-02,electronics,traditional,3,0.36428571428571427,0.7414285714285713,0.37714285714285706,-0.10999999999999999,-0.040000000000000036,-0.05194806599331592,-0.05107530878794453,-0.009638554216867434,0.016541330437911173,-0.14698947426337283,-0.05562711298988543,0.23841059602649006,0.2800982800982801,-0.041032387080523744,-0.024933427766230747,0.7551595280321957,電子零組件,傳產/其他
180,2026-02-05,biotech,finance,3,0.3271428571428571,0.9057142857142857,0.5785714285714285,-0.20857142857142857,0.2957142857142857,-0.02796955538679846,0.0017153051479765757,-0.0015737888998650917,0.0,-0.3398475669043038,0.02379478743984964,0.2631578947368421,0.7407407407407407,-0.05729741223923695,-0.022861943087379984,0.7470179977759935,生技醫療,金融
181,2026-02-24,computing,finance,3,0.3471428571428571,0.8285714285714285,0.48142857142857143,-0.3471428571428571,-0.1557142857142857,0.03604649388512904,0.03719006570894656,-0.009433962264150941,0.03719006570894656,-0.20931952589971248,0.3265294613184453,0.5367965367965368,1.0,-0.011161136001992925,0.13680246740348376,0.8715621933031561,資訊/通訊,金融
182,2026-03-05,traditional,shipping,3,0.24571428571428572,0.8828571428571428,0.637142857142857,-0.2642857142857143,0.39285714285714285,-0.04362421211856404,-0.0026862507872804087,-0.05232557080763567,-0.020147812623467987,0.010608835991851695,0.5502270490190647,0.32839506172839505,0.65,-0.022727239433376196,-0.04004799066465374,0.9076609902967455,傳產/其他,航運
183,2026-03-05,semiconductor,shipping,3,0.23999999999999996,0.8828571428571428,0.6428571428571428,-0.6028571428571429,0.39285714285714285,-0.048979571076477435,-0.0026862507872804087,-0.07333337342132296,-0.020147812623467987,0.03185323083508851,0.5502270490190647,0.3644859813084112,0.65,-0.019824937238465887,-0.04004799066465374,0.884851717889585,半導體,航運
184,2026-03-17,finance,biotech,3,0.19,0.8999999999999999,0.71,-0.53,0.1271428571428571,0.015066932807763833,0.058581596696854144,0.0012194935868425905,0.04053638343568444,-0.29759141964899666,0.1830985572647411,0.39285714285714285,0.7631578947368421,-0.00730925964149556,0.012273523678230251,0.8312552118176701,金融,生技醫療
185,2026-03-20,shipping,semiconductor,3,0.22857142857142856,0.8600000000000001,0.6314285714285716,-0.20857142857142855,0.1357142857142859,-0.004651180533475685,0.020241483274654692,-0.012195121951219523,0.0558836180532688,-0.3800374207970013,0.11308226580656056,0.23809523809523808,0.5660377358490566,0.034894367506440024,0.0020219084164743214,0.7023036050664432,航運,半導體
186,2026-04-01,electronics,finance,3,0.38142857142857145,0.8742857142857142,0.49285714285714277,-0.42714285714285705,0.30714285714285716,-0.03206647323160683,0.003115285732247175,0.01388888888888884,0.010039473186643333,-0.26202078297126685,-0.06794683872183493,0.33793103448275863,0.5714285714285714,-0.028979271706158362,0.11856794400857637,0.9355479420570791,電子零組件,金融
187,2026-04-14,traditional,electronics,3,0.38285714285714284,0.9285714285714286,0.5457142857142858,-0.2914285714285714,0.6000000000000001,0.04210529656294382,0.07964601769911495,0.018726853185397574,0.05225651652837615,-0.008670571192534615,0.09773743783749578,0.6151960784313726,0.7346938775510204,,,0.8916009744098444,傳產/其他,電子零組件
188,2026-05-06,biotech,semiconductor,3,0.3057142857142857,0.952857142857143,0.6471428571428572,-0.42714285714285705,0.13142857142857156,0.01116071428571419,0.04036695525966305,0.0658823529411765,0.19896193771626303,-0.2221545480752425,-0.06791238921203813,0.5609756097560976,0.7572815533980582,-0.031019780527014637,0.021028704838461282,0.6642138083771277,生技醫療,半導體
189,2026-06-04,computing,finance,3,0.29285714285714287,0.9371428571428572,0.6442857142857144,-0.4499999999999999,0.6428571428571429,0.014480656292685246,0.07834503787666547,0.03714653339166296,0.0603070835223698,-0.03688542880337725,0.6405391602588643,0.6228070175438597,1.0,-0.015347346801375585,0.17225019156657054,0.7057086114259411,資訊/通訊,金融
190,2026-06-17,biotech,finance,3,0.2857142857142857,0.9257142857142857,0.64,-0.26428571428571423,-0.07428571428571429,0.019987710827726768,0.04105576505938502,0.022667889191976265,0.11987373215836739,-0.37177177387726773,-0.08346496872118048,0.5277777777777778,1.0,0.027387021935309938,0.16669140650472639,0.7788296634412174,生技醫療,金融
191,2026-06-29,electronics,finance,3,0.20285714285714285,1.0,0.7971428571428572,-0.28285714285714286,0.2142857142857143,-0.07441860465116279,-0.006696411655569223,-0.04838711110852845,0.10373351976322609,-0.3051827150654022,-0.1566425002616988,0.2802547770700637,0.7777777777777778,-0.037671600718389264,0.02593055143058375,0.8785856717925503,電子零組件,金融
